"SOLICITUDORIGINAL";"N_ORDEN_DISTRIBU";"SOLICITUD";"FECHA_CREACION_ORDEN";"ORIGEN";"CANCELADO"
"111075006";"118597917";111075006;"15-04-2017 01:00:34";"20";"No Cancelado"
"111086427";"118597942";111086427;"15-04-2017 01:00:35";"20";"No Cancelado"
"111108973";"118597951";111108973;"15-04-2017 01:00:36";"88";"No Cancelado"
"111093864";"118597956";111093864;"15-04-2017 01:00:36";"37";"No Cancelado"
"111076304";"118597904";111076304;"15-04-2017 01:00:34";"22";"No Cancelado"
"111077634";"118597940";111077634;"15-04-2017 01:00:35";"37";"No Cancelado"
"111089445";"118597954";111089445;"15-04-2017 01:00:36";"37";"No Cancelado"
"111147302";"118598415";111147302;"15-04-2017 12:00:14";"24374";"No Cancelado"
"111147264";"118598423";111147264;"15-04-2017 12:00:14";"32644";"No Cancelado"
"111146553";"118598249";111146553;"15-04-2017 07:00:15";"32644";"No Cancelado"
"111109509";"118597958";111109509;"15-04-2017 01:00:36";"88";"No Cancelado"
"111083807";"118597926";111083807;"15-04-2017 01:00:35";"20";"No Cancelado"
"111079700";"118597916";111079700;"15-04-2017 01:00:34";"115";"No Cancelado"
"111079637";"118597925";111079637;"15-04-2017 01:00:35";"123";"No Cancelado"
"111080665";"118597957";111080665;"15-04-2017 01:00:36";"106";"No Cancelado"
"111146882";"118598289";111146882;"15-04-2017 08:00:24";"24440";"No Cancelado"
"111076877";"118597907";111076877;"15-04-2017 01:00:34";"64";"No Cancelado"
"111087212";"118597947";111087212;"15-04-2017 01:00:36";"89";"No Cancelado"
"111147170";"118598387";111147170;"15-04-2017 11:00:27";"34305";"No Cancelado"
"111147389";"118598419";111147389;"15-04-2017 12:00:14";"24374";"No Cancelado"
"111147137";"118598385";111147137;"15-04-2017 11:00:27";"34305";"No Cancelado"
"111080075";"118597924";111080075;"15-04-2017 01:00:35";"20";"No Cancelado"
"111147334";"118598432";111147334;"15-04-2017 12:00:14";"24440";"No Cancelado"
"111146589";"118598358";111146589;"15-04-2017 10:00:18";"24440";"No Cancelado"
"111074971";"118597938";111074971;"15-04-2017 01:00:35";"89";"No Cancelado"
"111147346";"118598416";111147346;"15-04-2017 12:00:14";"27257";"No Cancelado"
"111148741";"118599036";111148741;"15-04-2017 17:00:22";"32664";"No Cancelado"
"111147936";"118598700";111147936;"15-04-2017 14:00:26";"21367";"No Cancelado"
"111148336";"118598811";111148336;"15-04-2017 15:00:38";"24145";"No Cancelado"
"111148313";"118598817";111148313;"15-04-2017 15:00:38";"24440";"No Cancelado"
"111148437";"118598876";111148437;"15-04-2017 16:00:24";"32354";"No Cancelado"
"111148145";"118598816";111148145;"15-04-2017 15:00:38";"32644";"No Cancelado"
"111148902";"118599009";111148902;"15-04-2017 17:00:20";"24374";"No Cancelado"
"111147484";"118599073";111147484;"15-04-2017 17:00:22";"32644";"No Cancelado"
"111148311";"118598801";111148311;"15-04-2017 15:00:38";"22593";"No Cancelado"
"111075493";"118597908";111075493;"15-04-2017 01:00:34";"22";"No Cancelado"
"111097779";"118597911";111097779;"15-04-2017 01:00:34";"64";"No Cancelado"
"111089489";"118597914";111089489;"15-04-2017 01:00:34";"22";"No Cancelado"
"111081415";"118597923";111081415;"15-04-2017 01:00:35";"22";"No Cancelado"
"111148522";"118598868";111148522;"15-04-2017 16:00:24";"24440";"No Cancelado"
"111074642";"118597930";111074642;"15-04-2017 01:00:35";"22";"No Cancelado"
"111107564";"118597952";111107564;"15-04-2017 01:00:36";"115";"No Cancelado"
"111081864";"118597955";111081864;"15-04-2017 01:00:36";"9";"No Cancelado"
"111147853";"118598946";111147853;"15-04-2017 17:00:19";"24374";"No Cancelado"
"111147602";"118598964";111147602;"15-04-2017 17:00:20";"24440";"No Cancelado"
"111074802";"118597968";111074802;"15-04-2017 01:00:36";"23";"No Cancelado"
"111147607";"118598965";111147607;"15-04-2017 17:00:20";"21367";"No Cancelado"
"111147567";"118598973";111147567;"15-04-2017 17:00:20";"24549";"No Cancelado"
"111148972";"118599040";111148972;"15-04-2017 17:00:22";"32926";"No Cancelado"
"111146668";"118598290";111146668;"15-04-2017 08:00:24";"24549";"No Cancelado"
"111147505";"118599084";111147505;"15-04-2017 17:00:22";"24374";"No Cancelado"
"111148747";"118599055";111148747;"15-04-2017 17:00:22";"31499";"No Cancelado"
"111148482";"118599046";111148482;"15-04-2017 17:00:22";"24374";"No Cancelado"
"111148664";"118599003";111148664;"15-04-2017 17:00:20";"24374";"No Cancelado"
"111077619";"118597950";111077619;"15-04-2017 01:00:36";"115";"No Cancelado"
"111148678";"118599013";111148678;"15-04-2017 17:00:21";"24440";"No Cancelado"
"111148213";"118599061";111148213;"15-04-2017 17:00:22";"24374";"No Cancelado"
"111148988";"118599028";111148988;"15-04-2017 17:00:21";"24145";"No Cancelado"
"111148343";"118598786";111148343;"15-04-2017 15:00:38";"28959";"No Cancelado"
"111147368";"118598420";111147368;"15-04-2017 12:00:14";"30175";"No Cancelado"
"111147360";"118598434";111147360;"15-04-2017 12:00:14";"32753";"No Cancelado"
"111147530";"118598639";111147530;"15-04-2017 13:00:53";"24145";"No Cancelado"
"111148854";"118598953";111148854;"15-04-2017 17:00:20";"24374";"No Cancelado"
"111148847";"118598977";111148847;"15-04-2017 17:00:20";"24247";"No Cancelado"
"111147547";"118599006";111147547;"15-04-2017 17:00:20";"24440";"No Cancelado"
"111148101";"118598794";111148101;"15-04-2017 15:00:38";"30997";"No Cancelado"
"111148626";"118598875";111148626;"15-04-2017 16:00:24";"21367";"No Cancelado"
"111148063";"118598804";111148063;"15-04-2017 15:00:38";"30175";"No Cancelado"
"111148655";"118598878";111148655;"15-04-2017 16:00:24";"21367";"No Cancelado"
"111148471";"118599042";111148471;"15-04-2017 17:00:22";"24374";"No Cancelado"
"111147477";"118599065";111147477;"15-04-2017 17:00:22";"24374";"No Cancelado"
"111148170";"118599016";111148170;"15-04-2017 17:00:21";"24374";"No Cancelado"
"111146579";"118598292";111146579;"15-04-2017 08:00:24";"24549";"No Cancelado"
"111147945";"118599039";111147945;"15-04-2017 17:00:22";"21367";"No Cancelado"
"111148231";"118598790";111148231;"15-04-2017 15:00:38";"24440";"No Cancelado"
"111148234";"118598795";111148234;"15-04-2017 15:00:38";"24440";"No Cancelado"
"111080142";"118597920";111080142;"15-04-2017 01:00:35";"23";"No Cancelado"
"111148515";"118598883";111148515;"15-04-2017 16:00:24";"24440";"No Cancelado"
"111149681";"118599570";111149681;"15-04-2017 19:00:32";"21367";"No Cancelado"
"111148047";"118598951";111148047;"15-04-2017 17:00:20";"24374";"No Cancelado"
"111148879";"118598988";111148879;"15-04-2017 17:00:20";"22593";"No Cancelado"
"111148666";"118598999";111148666;"15-04-2017 17:00:20";"24440";"No Cancelado"
"111149002";"118599053";111149002;"15-04-2017 17:00:22";"24440";"No Cancelado"
"111149084";"118599463";111149084;"15-04-2017 18:00:25";"32644";"No Cancelado"
"111149084";"118599464";111149084;"15-04-2017 18:00:25";"24440";"No Cancelado"
"111094348";"118597931";111094348;"15-04-2017 01:00:35";"37";"No Cancelado"
"111097515";"118597934";111097515;"15-04-2017 01:00:35";"37";"No Cancelado"
"111107569";"118597946";111107569;"15-04-2017 01:00:36";"88";"No Cancelado"
"111083629";"118597948";111083629;"15-04-2017 01:00:36";"20";"No Cancelado"
"111123062";"118597959";111123062;"15-04-2017 01:00:36";"20";"No Cancelado"
"111149000";"118599067";111149000;"15-04-2017 17:00:22";"32644";"No Cancelado"
"111148788";"118599076";111148788;"15-04-2017 17:00:22";"24374";"No Cancelado"
"111087499";"118597967";111087499;"15-04-2017 01:00:36";"20";"No Cancelado"
"111079720";"118597971";111079720;"15-04-2017 01:22:07";"20";"No Cancelado"
"111147391";"118598433";111147391;"15-04-2017 12:00:14";"24374";"No Cancelado"
"111149041";"118599077";111149041;"15-04-2017 17:00:22";"24374";"No Cancelado"
"111149816";"118599592";111149816;"15-04-2017 19:00:32";"24145";"No Cancelado"
"111149816";"118599593";111149816;"15-04-2017 19:00:32";"32926";"No Cancelado"
"111148191";"118598810";111148191;"15-04-2017 15:00:38";"21367";"No Cancelado"
"111149841";"118599572";111149841;"15-04-2017 19:00:32";"32753";"No Cancelado"
"111149720";"118599583";111149720;"15-04-2017 19:00:32";"24440";"No Cancelado"
"111147910";"118598703";111147910;"15-04-2017 14:00:26";"24440";"No Cancelado"
"111149136";"118599452";111149136;"15-04-2017 18:00:25";"24145";"No Cancelado"
"111149457";"118599461";111149457;"15-04-2017 18:00:25";"24440";"No Cancelado"
"111148892";"118599002";111148892;"15-04-2017 17:00:20";"24440";"No Cancelado"
"111148409";"118599000";111148409;"15-04-2017 17:00:20";"24374";"No Cancelado"
"111148692";"118599031";111148692;"15-04-2017 17:00:21";"24374";"No Cancelado"
"111148989";"118599056";111148989;"15-04-2017 17:00:22";"24374";"No Cancelado"
"111147516";"118599081";111147516;"15-04-2017 17:00:22";"32344";"No Cancelado"
"111085154";"118597966";111085154;"15-04-2017 01:00:36";"108";"No Cancelado"
"111147647";"118598637";111147647;"15-04-2017 13:00:53";"32664";"No Cancelado"
"111075086";"118597906";111075086;"15-04-2017 01:00:34";"9";"No Cancelado"
"111089419";"118597943";111089419;"15-04-2017 01:00:35";"106";"No Cancelado"
"111148478";"118598895";111148478;"15-04-2017 16:00:25";"24549";"No Cancelado"
"111148478";"118598896";111148478;"15-04-2017 16:00:25";"22593";"No Cancelado"
"111078735";"118597900";111078735;"15-04-2017 00:43:36";"37";"No Cancelado"
"111147408";"118598623";111147408;"15-04-2017 13:00:53";"30175";"No Cancelado"
"111148358";"118598792";111148358;"15-04-2017 15:00:38";"32484";"No Cancelado"
"111148487";"118598884";111148487;"15-04-2017 16:00:24";"32926";"No Cancelado"
"111148337";"118598981";111148337;"15-04-2017 17:00:20";"22593";"No Cancelado"
"111148802";"118598994";111148802;"15-04-2017 17:00:20";"21367";"No Cancelado"
"111146685";"118598299";111146685;"15-04-2017 08:00:24";"32681";"No Cancelado"
"111147887";"118598685";111147887;"15-04-2017 14:00:26";"22593";"No Cancelado"
"111147924";"118598710";111147924;"15-04-2017 14:00:26";"32926";"No Cancelado"
"111148613";"118598893";111148613;"15-04-2017 16:00:24";"21367";"No Cancelado"
"111147746";"118598691";111147746;"15-04-2017 14:00:26";"24374";"No Cancelado"
"111146907";"118598422";111146907;"15-04-2017 12:00:14";"22593";"No Cancelado"
"111148369";"118598800";111148369;"15-04-2017 15:00:38";"32664";"No Cancelado"
"111148347";"118598819";111148347;"15-04-2017 15:00:38";"34305";"No Cancelado"
"111147805";"118598954";111147805;"15-04-2017 17:00:20";"24374";"No Cancelado"
"111148316";"118598821";111148316;"15-04-2017 15:00:39";"32664";"No Cancelado"
"111147861";"118598944";111147861;"15-04-2017 17:00:19";"24374";"No Cancelado"
"111148044";"118598950";111148044;"15-04-2017 17:00:19";"24440";"No Cancelado"
"111147448";"118598629";111147448;"15-04-2017 13:00:53";"24145";"No Cancelado"
"111148849";"118598971";111148849;"15-04-2017 17:00:20";"21367";"No Cancelado"
"111076373";"118597933";111076373;"15-04-2017 01:00:35";"37";"No Cancelado"
"111089664";"118597937";111089664;"15-04-2017 01:00:35";"22";"No Cancelado"
"111075047";"118597939";111075047;"15-04-2017 01:00:35";"115";"No Cancelado"
"111073799";"118597921";111073799;"15-04-2017 01:00:35";"10";"No Cancelado"
"111086413";"118597964";111086413;"15-04-2017 01:00:36";"102";"No Cancelado"
"111146705";"118598291";111146705;"15-04-2017 08:00:24";"24440";"No Cancelado"
"111074630";"118597922";111074630;"15-04-2017 01:00:35";"23";"No Cancelado"
"111109478";"118597944";111109478;"15-04-2017 01:00:35";"115";"No Cancelado"
"111149659";"118599554";111149659;"15-04-2017 19:00:32";"33276";"No Cancelado"
"111149665";"118599581";111149665;"15-04-2017 19:00:32";"24145";"No Cancelado"
"111148398";"118599012";111148398;"15-04-2017 17:00:21";"24374";"No Cancelado"
"111148217";"118599023";111148217;"15-04-2017 17:00:21";"24549";"No Cancelado"
"111147447";"118599033";111147447;"15-04-2017 17:00:21";"21367";"No Cancelado"
"111148812";"118598960";111148812;"15-04-2017 17:00:20";"24440";"No Cancelado"
"111147913";"118599007";111147913;"15-04-2017 17:00:20";"21367";"No Cancelado"
"111148982";"118599044";111148982;"15-04-2017 17:00:22";"32446";"No Cancelado"
"111146688";"118598356";111146688;"15-04-2017 10:00:18";"27257";"No Cancelado"
"111147750";"118598683";111147750;"15-04-2017 14:00:26";"32664";"No Cancelado"
"111148180";"118598793";111148180;"15-04-2017 15:00:38";"24145";"No Cancelado"
"111147834";"118598681";111147834;"15-04-2017 14:00:26";"24145";"No Cancelado"
"111147411";"118598620";111147411;"15-04-2017 13:00:53";"32926";"No Cancelado"
"111147773";"118599079";111147773;"15-04-2017 17:00:22";"32644";"No Cancelado"
"111146763";"118598293";111146763;"15-04-2017 08:00:24";"27257";"No Cancelado"
"111149434";"118599448";111149434;"15-04-2017 18:00:25";"24440";"No Cancelado"
"111141192";"118598366";111141192;"15-04-2017 10:40:36";"24247";"No Cancelado"
"111147856";"118598690";111147856;"15-04-2017 14:00:26";"32664";"No Cancelado"
"111093158";"118597905";111093158;"15-04-2017 01:00:34";"88";"No Cancelado"
"111078224";"118597936";111078224;"15-04-2017 01:00:35";"115";"No Cancelado"
"111082984";"118597945";111082984;"15-04-2017 01:00:36";"64";"No Cancelado"
"111148084";"118598802";111148084;"15-04-2017 15:00:38";"21588";"No Cancelado"
"111148872";"118598990";111148872;"15-04-2017 17:00:20";"32354";"No Cancelado"
"111148652";"118598993";111148652;"15-04-2017 17:00:20";"24440";"No Cancelado"
"111074696";"118597915";111074696;"15-04-2017 01:00:34";"23";"No Cancelado"
"111075343";"118597902";111075343;"15-04-2017 01:00:34";"22";"No Cancelado"
"111147900";"118598699";111147900;"15-04-2017 14:00:26";"32664";"No Cancelado"
"111088793";"118597929";111088793;"15-04-2017 01:00:35";"37";"No Cancelado"
"111083671";"118597965";111083671;"15-04-2017 01:00:36";"115";"No Cancelado"
"111147800";"118598963";111147800;"15-04-2017 17:00:20";"33276";"No Cancelado"
"111095673";"118597953";111095673;"15-04-2017 01:00:36";"37";"No Cancelado"
"111148942";"118599018";111148942;"15-04-2017 17:00:21";"24374";"No Cancelado"
"111147445";"118599022";111147445;"15-04-2017 17:00:21";"24374";"No Cancelado"
"111149735";"118599551";111149735;"15-04-2017 19:00:32";"34803";"No Cancelado"
"111149711";"118599560";111149711;"15-04-2017 19:00:32";"32484";"No Cancelado"
"111149631";"118599574";111149631;"15-04-2017 19:00:32";"22593";"No Cancelado"
"111150078";"118599684";111150078;"15-04-2017 20:00:26";"32484";"No Cancelado"
"111147587";"118598624";111147587;"15-04-2017 13:00:53";"24440";"No Cancelado"
"111148970";"118599048";111148970;"15-04-2017 17:00:22";"24145";"No Cancelado"
"111148085";"118598785";111148085;"15-04-2017 15:00:38";"21367";"No Cancelado"
"111148164";"118598808";111148164;"15-04-2017 15:00:38";"34160";"No Cancelado"
"111147471";"118599078";111147471;"15-04-2017 17:00:22";"24374";"No Cancelado"
"111148535";"118599082";111148535;"15-04-2017 17:00:22";"24374";"No Cancelado"
"111148543";"118598888";111148543;"15-04-2017 16:00:24";"21367";"No Cancelado"
"111148550";"118598891";111148550;"15-04-2017 16:00:24";"32644";"No Cancelado"
"111149855";"118599579";111149855;"15-04-2017 19:00:32";"32484";"No Cancelado"
"20170415003293805195";"118598294";111147035;"15-04-2017 08:00:24";"30943";"No Cancelado"
"111146605";"118598297";111146605;"15-04-2017 08:00:24";"28959";"No Cancelado"
"111147218";"118598414";111147218;"15-04-2017 12:00:14";"24374";"No Cancelado"
"111146645";"118598425";111146645;"15-04-2017 12:00:14";"24374";"No Cancelado"
"111079325";"118597912";111079325;"15-04-2017 01:00:34";"88";"No Cancelado"
"111147364";"118598430";111147364;"15-04-2017 12:00:14";"24549";"No Cancelado"
"111096781";"118597928";111096781;"15-04-2017 01:00:35";"20";"No Cancelado"
"111147574";"118598962";111147574;"15-04-2017 17:00:20";"32644";"No Cancelado"
"111148822";"118598966";111148822;"15-04-2017 17:00:20";"24374";"No Cancelado"
"111147528";"118598976";111147528;"15-04-2017 17:00:20";"21367";"No Cancelado"
"111147886";"118598996";111147886;"15-04-2017 17:00:20";"21367";"No Cancelado"
"111149756";"118599548";111149756;"15-04-2017 19:00:31";"30175";"No Cancelado"
"20170415003293804799";"118599550";111149730;"15-04-2017 19:00:32";"24247";"No Cancelado"
"111147930";"118598696";111147930;"15-04-2017 14:00:26";"24549";"No Cancelado"
"111148533";"118598882";111148533;"15-04-2017 16:00:24";"24440";"No Cancelado"
"111149662";"118599567";111149662;"15-04-2017 19:00:32";"34872";"No Cancelado"
"111149686";"118599573";111149686;"15-04-2017 19:00:32";"30175";"No Cancelado"
"111147568";"118598634";111147568;"15-04-2017 13:00:53";"24374";"No Cancelado"
"111147836";"118598695";111147836;"15-04-2017 14:00:26";"21367";"No Cancelado"
"111150613";"118600181";111150613;"15-04-2017 22:00:25";"30175";"No Cancelado"
"111149989";"118600252";111149989;"15-04-2017 22:00:27";"24440";"No Cancelado"
"111150137";"118599665";111150137;"15-04-2017 20:00:26";"32664";"No Cancelado"
"111150126";"118599666";111150126;"15-04-2017 20:00:26";"21367";"No Cancelado"
"111149036";"118600283";111149036;"15-04-2017 22:00:27";"24374";"No Cancelado"
"111146706";"118598300";111146706;"15-04-2017 08:00:24";"21607";"No Cancelado"
"111150690";"118600168";111150690;"15-04-2017 22:00:25";"24440";"No Cancelado"
"111150389";"118600106";111150389;"15-04-2017 21:01:36";"24145";"No Cancelado"
"111150422";"118600110";111150422;"15-04-2017 21:01:36";"24440";"No Cancelado"
"111147826";"118598955";111147826;"15-04-2017 17:00:20";"21367";"No Cancelado"
"111148882";"118598984";111148882;"15-04-2017 17:00:20";"34160";"No Cancelado"
"111076547";"118597918";111076547;"15-04-2017 01:00:34";"20";"No Cancelado"
"111078346";"118597935";111078346;"15-04-2017 01:00:35";"88";"No Cancelado"
"111149674";"118600216";111149674;"15-04-2017 22:00:25";"24440";"No Cancelado"
"111088310";"118597969";111088310;"15-04-2017 01:21:57";"123";"No Cancelado"
"111149100";"118600226";111149100;"15-04-2017 22:00:26";"24374";"No Cancelado"
"111149444";"118600233";111149444;"15-04-2017 22:00:26";"32644";"No Cancelado"
"111149967";"118600236";111149967;"15-04-2017 22:00:26";"24374";"No Cancelado"
"111079958";"118597961";111079958;"15-04-2017 01:00:36";"23";"No Cancelado"
"111149473";"118600251";111149473;"15-04-2017 22:00:27";"32644";"No Cancelado"
"111149477";"118600273";111149477;"15-04-2017 22:00:27";"24440";"No Cancelado"
"111149731";"118600268";111149731;"15-04-2017 22:00:27";"22593";"No Cancelado"
"111074868";"118597960";111074868;"15-04-2017 01:00:36";"37";"No Cancelado"
"111148497";"118599060";111148497;"15-04-2017 17:00:22";"32644";"No Cancelado"
"111147838";"118598948";111147838;"15-04-2017 17:00:19";"32644";"No Cancelado"
"111147821";"118598959";111147821;"15-04-2017 17:00:20";"21367";"No Cancelado"
"111147792";"118598961";111147792;"15-04-2017 17:00:20";"32484";"No Cancelado"
"111149480";"118599439";111149480;"15-04-2017 18:00:24";"32014";"No Cancelado"
"111148760";"118599071";111148760;"15-04-2017 17:00:22";"32484";"No Cancelado"
"111147589";"118598970";111147589;"15-04-2017 17:00:20";"24440";"No Cancelado"
"111150194";"118599672";111150194;"15-04-2017 20:00:26";"30175";"No Cancelado"
"111147336";"118598421";111147336;"15-04-2017 12:00:14";"22593";"No Cancelado"
"111107248";"118597970";111107248;"15-04-2017 01:22:03";"20";"No Cancelado"
"111147250";"118598431";111147250;"15-04-2017 12:00:14";"24145";"No Cancelado"
"20170415002100677294";"118599675";111149978;"15-04-2017 20:00:26";"22593";"No Cancelado"
"111150755";"118600285";111150755;"15-04-2017 22:00:41";"30175";"No Cancelado"
"111148240";"118599057";111148240;"15-04-2017 17:00:22";"21367";"No Cancelado"
"111147482";"118598626";111147482;"15-04-2017 13:00:53";"24145";"No Cancelado"
"111149231";"118599436";111149231;"15-04-2017 18:00:24";"24549";"No Cancelado"
"111148350";"118598820";111148350;"15-04-2017 15:00:39";"24145";"No Cancelado"
"111148520";"118598874";111148520;"15-04-2017 16:00:24";"30175";"No Cancelado"
"111148228";"118598803";111148228;"15-04-2017 15:00:38";"24549";"No Cancelado"
"111150221";"118599659";111150221;"15-04-2017 20:00:26";"24374";"No Cancelado"
"111150070";"118599662";111150070;"15-04-2017 20:00:26";"24440";"No Cancelado"
"111150241";"118599676";111150241;"15-04-2017 20:00:26";"32926";"No Cancelado"
"111076796";"118597919";111076796;"15-04-2017 01:00:34";"106";"No Cancelado"
"111150255";"118599670";111150255;"15-04-2017 20:00:26";"32484";"No Cancelado"
"111150143";"118599688";111150143;"15-04-2017 20:00:26";"34772";"No Cancelado"
"111103728";"118597949";111103728;"15-04-2017 01:00:36";"37";"No Cancelado"
"111146801";"118598357";111146801;"15-04-2017 10:00:18";"32664";"No Cancelado"
"111147841";"118598697";111147841;"15-04-2017 14:00:26";"32354";"No Cancelado"
"111148800";"118598943";111148800;"15-04-2017 17:00:19";"24374";"No Cancelado"
"111148838";"118598956";111148838;"15-04-2017 17:00:20";"24440";"No Cancelado"
"111148881";"118598989";111148881;"15-04-2017 17:00:20";"22593";"No Cancelado"
"111148090";"118598975";111148090;"15-04-2017 17:00:20";"24440";"No Cancelado"
"111147615";"118598987";111147615;"15-04-2017 17:00:20";"21367";"No Cancelado"
"111148890";"118598986";111148890;"15-04-2017 17:00:20";"32664";"No Cancelado"
"111149908";"118599562";111149908;"15-04-2017 19:00:32";"24440";"No Cancelado"
"111149862";"118599588";111149862;"15-04-2017 19:00:32";"30997";"No Cancelado"
"111146990";"118598295";111146990;"15-04-2017 08:00:24";"28959";"No Cancelado"
"111148081";"118598791";111148081;"15-04-2017 15:00:38";"24145";"No Cancelado"
"111148146";"118598815";111148146;"15-04-2017 15:00:38";"24934";"No Cancelado"
"111147506";"118598619";111147506;"15-04-2017 13:00:53";"32664";"No Cancelado"
"111147657";"118598633";111147657;"15-04-2017 13:00:53";"24374";"No Cancelado"
"111147620";"118598992";111147620;"15-04-2017 17:00:20";"24374";"No Cancelado"
"111147733";"118599064";111147733;"15-04-2017 17:00:22";"24440";"No Cancelado"
"111148167";"118599014";111148167;"15-04-2017 17:00:21";"21367";"No Cancelado"
"111148238";"118599058";111148238;"15-04-2017 17:00:22";"24374";"No Cancelado"
"111149027";"118599074";111149027;"15-04-2017 17:00:22";"24374";"No Cancelado"
"111147374";"118598409";111147374;"15-04-2017 11:52:30";"24374";"No Cancelado"
"20170412003293765825";"118597962";111077627;"15-04-2017 01:00:36";"115";"No Cancelado"
"111147780";"118598680";111147780;"15-04-2017 14:00:25";"25044";"No Cancelado"
"111148031";"118598689";111148031;"15-04-2017 14:00:26";"32664";"No Cancelado"
"111147771";"118598712";111147771;"15-04-2017 14:00:26";"32664";"No Cancelado"
"111149805";"118599546";111149805;"15-04-2017 19:00:31";"24145";"No Cancelado"
"111147191";"118598386";111147191;"15-04-2017 11:00:27";"31226";"No Cancelado"
"111149885";"118599558";111149885;"15-04-2017 19:00:32";"24440";"No Cancelado"
"111148373";"118598958";111148373;"15-04-2017 17:00:20";"21367";"No Cancelado"
"111074709";"118597903";111074709;"15-04-2017 01:00:34";"22";"No Cancelado"
"111149578";"118599571";111149578;"15-04-2017 19:00:32";"32484";"No Cancelado"
"111148662";"118598871";111148662;"15-04-2017 16:00:24";"22593";"No Cancelado"
"111149487";"118599444";111149487;"15-04-2017 18:00:24";"32681";"No Cancelado"
"111149456";"118599451";111149456;"15-04-2017 18:00:25";"21367";"No Cancelado"
"111148845";"118598949";111148845;"15-04-2017 17:00:19";"24374";"No Cancelado"
"111150143";"118599689";111150143;"15-04-2017 20:00:27";"22593";"No Cancelado"
"111147426";"118598617";111147426;"15-04-2017 13:00:53";"24374";"No Cancelado"
"111147441";"118598625";111147441;"15-04-2017 13:00:53";"24549";"No Cancelado"
"111147605";"118598632";111147605;"15-04-2017 13:00:53";"24440";"No Cancelado"
"111147680";"118598635";111147680;"15-04-2017 13:00:53";"21367";"No Cancelado"
"111147823";"118598678";111147823;"15-04-2017 14:00:25";"30997";"No Cancelado"
"111147546";"118598945";111147546;"15-04-2017 17:00:19";"24374";"No Cancelado"
"111149048";"118599394";111149048;"15-04-2017 17:01:16";"30997";"No Cancelado"
"111109070";"118597913";111109070;"15-04-2017 01:00:34";"88";"No Cancelado"
"111148396";"118598886";111148396;"15-04-2017 16:00:24";"24440";"No Cancelado"
"111087504";"118597901";111087504;"15-04-2017 01:00:20";"9";"No Cancelado"
"111095388";"118597941";111095388;"15-04-2017 01:00:35";"1";"No Cancelado"
"111148696";"118599025";111148696;"15-04-2017 17:00:21";"24374";"No Cancelado"
"111148706";"118599030";111148706;"15-04-2017 17:00:21";"32753";"No Cancelado"
"111147902";"118598686";111147902;"15-04-2017 14:00:26";"32664";"No Cancelado"
"111084706";"118597909";111084706;"15-04-2017 01:00:34";"88";"No Cancelado"
"111147928";"118598694";111147928;"15-04-2017 14:00:26";"30175";"No Cancelado"
"111080754";"118597910";111080754;"15-04-2017 01:00:34";"106";"No Cancelado"
"111148901";"118598997";111148901;"15-04-2017 17:00:20";"32344";"No Cancelado"
"111148904";"118598998";111148904;"15-04-2017 17:00:20";"24145";"No Cancelado"
"111147860";"118598947";111147860;"15-04-2017 17:00:19";"21367";"No Cancelado"
"111075380";"118597932";111075380;"15-04-2017 01:00:35";"20";"No Cancelado"
"111109257";"118597927";111109257;"15-04-2017 01:00:35";"89";"No Cancelado"
"111148333";"118598972";111148333;"15-04-2017 17:00:20";"24374";"No Cancelado"
"111148605";"118598980";111148605;"15-04-2017 17:00:20";"24374";"No Cancelado"
"111148871";"118598982";111148871;"15-04-2017 17:00:20";"32644";"No Cancelado"
"111148945";"118599017";111148945;"15-04-2017 17:00:21";"21367";"No Cancelado"
"111147920";"118599020";111147920;"15-04-2017 17:00:21";"24374";"No Cancelado"
"111080042";"118597963";111080042;"15-04-2017 01:00:36";"106";"No Cancelado"
"111147704";"118599021";111147704;"15-04-2017 17:00:21";"24374";"No Cancelado"
"111148711";"118599032";111148711;"15-04-2017 17:00:21";"24374";"No Cancelado"
"111149003";"118599038";111149003;"15-04-2017 17:00:22";"21367";"No Cancelado"
"111147987";"118599066";111147987;"15-04-2017 17:00:22";"24374";"No Cancelado"
"111105825";"118598436";111105825;"15-04-2017 12:07:37";"24374";"No Cancelado"
"111148000";"118599072";111148000;"15-04-2017 17:00:22";"24440";"No Cancelado"
"111148698";"118599075";111148698;"15-04-2017 17:00:22";"24374";"No Cancelado"
"111149471";"118599445";111149471;"15-04-2017 18:00:25";"24440";"No Cancelado"
"111147874";"118598706";111147874;"15-04-2017 14:00:26";"30175";"No Cancelado"
"111148459";"118598885";111148459;"15-04-2017 16:00:24";"32753";"No Cancelado"
"111147745";"118599083";111147745;"15-04-2017 17:00:22";"24374";"No Cancelado"
"111147881";"118598708";111147881;"15-04-2017 14:00:26";"34773";"No Cancelado"
"111149916";"118599677";111149916;"15-04-2017 20:00:26";"21367";"No Cancelado"
"111147944";"118598805";111147944;"15-04-2017 15:00:38";"32354";"No Cancelado"
"111149507";"118599557";111149507;"15-04-2017 19:00:32";"30175";"No Cancelado"
"111149939";"118600225";111149939;"15-04-2017 22:00:25";"21367";"No Cancelado"
"111147452";"118598621";111147452;"15-04-2017 13:00:53";"32664";"No Cancelado"
"111149114";"118599455";111149114;"15-04-2017 18:00:25";"32664";"No Cancelado"
"111149588";"118599555";111149588;"15-04-2017 19:00:32";"22593";"No Cancelado"
"111149575";"118599566";111149575;"15-04-2017 19:00:32";"31226";"No Cancelado"
"111146795";"118598418";111146795;"15-04-2017 12:00:14";"24440";"No Cancelado"
"111147068";"118598428";111147068;"15-04-2017 12:00:14";"24374";"No Cancelado"
"111148738";"118599027";111148738;"15-04-2017 17:00:21";"24440";"No Cancelado"
"111147711";"118599045";111147711;"15-04-2017 17:00:22";"24440";"No Cancelado"
"111148624";"118598983";111148624;"15-04-2017 17:00:20";"24440";"No Cancelado"
"111149750";"118600247";111149750;"15-04-2017 22:00:27";"24440";"No Cancelado"
"111149736";"118599584";111149736;"15-04-2017 19:00:32";"32926";"No Cancelado"
"111147811";"118598693";111147811;"15-04-2017 14:00:26";"24374";"No Cancelado"
"111148472";"118598870";111148472;"15-04-2017 16:00:24";"30175";"No Cancelado"
"111148453";"118598872";111148453;"15-04-2017 16:00:24";"24549";"No Cancelado"
"111148401";"118598892";111148401;"15-04-2017 16:00:24";"28959";"No Cancelado"
"111148491";"118598894";111148491;"15-04-2017 16:00:24";"21367";"No Cancelado"
"111148156";"118599010";111148156;"15-04-2017 17:00:20";"21367";"No Cancelado"
"111147532";"118598974";111147532;"15-04-2017 17:00:20";"21367";"No Cancelado"
"111148425";"118599015";111148425;"15-04-2017 17:00:21";"24374";"No Cancelado"
"111149244";"118599433";111149244;"15-04-2017 18:00:24";"34970";"No Cancelado"
"111147698";"118598618";111147698;"15-04-2017 13:00:53";"34110";"No Cancelado"
"111148023";"118598711";111148023;"15-04-2017 14:00:26";"32664";"No Cancelado"
"111148742";"118599049";111148742;"15-04-2017 17:00:22";"32753";"No Cancelado"
"111149440";"118599438";111149440;"15-04-2017 18:00:24";"24374";"No Cancelado"
"111149443";"118599441";111149443;"15-04-2017 18:00:24";"34894";"No Cancelado"
"111147468";"118599054";111147468;"15-04-2017 17:00:22";"24374";"No Cancelado"
"111149702";"118599549";111149702;"15-04-2017 19:00:32";"32926";"No Cancelado"
"111149649";"118599553";111149649;"15-04-2017 19:00:32";"21607";"No Cancelado"
"111147551";"118598630";111147551;"15-04-2017 13:00:53";"24374";"No Cancelado"
"111149545";"118599577";111149545;"15-04-2017 19:00:32";"22593";"No Cancelado"
"111150089";"118599661";111150089;"15-04-2017 20:00:26";"34773";"No Cancelado"
"111150316";"118600102";111150316;"15-04-2017 21:01:36";"24549";"No Cancelado"
"111150577";"118600100";111150577;"15-04-2017 21:01:36";"24549";"No Cancelado"
"111149129";"118599456";111149129;"15-04-2017 18:00:25";"34160";"No Cancelado"
"111147165";"118598384";111147165;"15-04-2017 11:00:27";"22593";"No Cancelado"
"111148813";"118598979";111148813;"15-04-2017 17:00:20";"24374";"No Cancelado"
"111147831";"118598985";111147831;"15-04-2017 17:00:20";"24374";"No Cancelado"
"111147181";"118598388";111147181;"15-04-2017 11:00:27";"34305";"No Cancelado"
"111148053";"118598682";111148053;"15-04-2017 14:00:26";"24440";"No Cancelado"
"111147837";"118598684";111147837;"15-04-2017 14:00:26";"24440";"No Cancelado"
"111148323";"118599004";111148323;"15-04-2017 17:00:20";"24374";"No Cancelado"
"111148735";"118599043";111148735;"15-04-2017 17:00:22";"21367";"No Cancelado"
"111147692";"118598615";111147692;"15-04-2017 13:00:53";"24374";"No Cancelado"
"111149840";"118599564";111149840;"15-04-2017 19:00:32";"30175";"No Cancelado"
"111148475";"118599047";111148475;"15-04-2017 17:00:22";"24374";"No Cancelado"
"111147503";"118598636";111147503;"15-04-2017 13:00:53";"24145";"No Cancelado"
"111147946";"118598692";111147946;"15-04-2017 14:00:26";"32753";"No Cancelado"
"111147254";"118598429";111147254;"15-04-2017 12:00:14";"24145";"No Cancelado"
"111149583";"118599576";111149583;"15-04-2017 19:00:32";"24374";"No Cancelado"
"111147497";"118598631";111147497;"15-04-2017 13:00:53";"30997";"No Cancelado"
"111149482";"118600246";111149482;"15-04-2017 22:00:27";"24440";"No Cancelado"
"111149892";"118599580";111149892;"15-04-2017 19:00:32";"32753";"No Cancelado"
"111147904";"118598701";111147904;"15-04-2017 14:00:26";"24374";"No Cancelado"
"111149527";"118600263";111149527;"15-04-2017 22:00:27";"32644";"No Cancelado"
"111150655";"118600203";111150655;"15-04-2017 22:00:25";"24374";"No Cancelado"
"111149422";"118600217";111149422;"15-04-2017 22:00:25";"24374";"No Cancelado"
"111148511";"118598880";111148511;"15-04-2017 16:00:24";"32664";"No Cancelado"
"111150314";"118600113";111150314;"15-04-2017 21:01:36";"32014";"No Cancelado"
"111149981";"118600284";111149981;"15-04-2017 22:00:27";"32644";"No Cancelado"
"111150230";"118600249";111150230;"15-04-2017 22:00:27";"24440";"No Cancelado"
"111148138";"118599008";111148138;"15-04-2017 17:00:20";"24374";"No Cancelado"
"111148724";"118599041";111148724;"15-04-2017 17:00:22";"24374";"No Cancelado"
"111150461";"118600224";111150461;"15-04-2017 22:00:25";"24440";"No Cancelado"
"111146548";"118598248";111146548;"15-04-2017 07:00:15";"24440";"No Cancelado"
"111148259";"118598807";111148259;"15-04-2017 15:00:38";"33118";"No Cancelado"
"111148354";"118598812";111148354;"15-04-2017 15:00:38";"24440";"No Cancelado"
"111146741";"118598296";111146741;"15-04-2017 08:00:24";"34803";"No Cancelado"
"111146877";"118598298";111146877;"15-04-2017 08:00:24";"24374";"No Cancelado"
"111147948";"118598698";111147948;"15-04-2017 14:00:26";"32664";"No Cancelado"
"111150522";"118600277";111150522;"15-04-2017 22:00:27";"24549";"No Cancelado"
"111147256";"118598417";111147256;"15-04-2017 12:00:14";"32664";"No Cancelado"
"20170415003293805695";"118598787";111148331;"15-04-2017 15:00:38";"32681";"No Cancelado"
"111148179";"118598789";111148179;"15-04-2017 15:00:38";"24145";"No Cancelado"
"111148243";"118598796";111148243;"15-04-2017 15:00:38";"21367";"No Cancelado"
"111147268";"118598426";111147268;"15-04-2017 12:00:14";"24374";"No Cancelado"
"111148045";"118598818";111148045;"15-04-2017 15:00:38";"24374";"No Cancelado"
"111148636";"118598889";111148636;"15-04-2017 16:00:24";"21588";"No Cancelado"
"111148252";"118598813";111148252;"15-04-2017 15:00:38";"24440";"No Cancelado"
"111147804";"118598978";111147804;"15-04-2017 17:00:20";"24440";"No Cancelado"
"111150399";"118600111";111150399;"15-04-2017 21:01:36";"22593";"No Cancelado"
"111149976";"118599669";111149976;"15-04-2017 20:00:26";"24374";"No Cancelado"
"111148648";"118598890";111148648;"15-04-2017 16:00:24";"32484";"No Cancelado"
"111150651";"118600184";111150651;"15-04-2017 22:00:25";"21367";"No Cancelado"
"111149201";"118599460";111149201;"15-04-2017 18:00:25";"24934";"No Cancelado"
"111148936";"118599001";111148936;"15-04-2017 17:00:20";"32644";"No Cancelado"
"111147979";"118599051";111147979;"15-04-2017 17:00:22";"24374";"No Cancelado"
"111147342";"118598424";111147342;"15-04-2017 12:00:14";"28959";"No Cancelado"
"111147572";"118598614";111147572;"15-04-2017 13:00:52";"22593";"No Cancelado"
"111149158";"118600209";111149158;"15-04-2017 22:00:25";"24440";"No Cancelado"
"111150451";"118600221";111150451;"15-04-2017 22:00:25";"24374";"No Cancelado"
"111147669";"118598616";111147669;"15-04-2017 13:00:53";"31226";"No Cancelado"
"111149464";"118599443";111149464;"15-04-2017 18:00:24";"24374";"No Cancelado"
"111149078";"118599447";111149078;"15-04-2017 18:00:25";"32681";"No Cancelado"
"111149109";"118599462";111149109;"15-04-2017 18:00:25";"32664";"No Cancelado"
"111149013";"118599062";111149013;"15-04-2017 17:00:22";"24934";"No Cancelado"
"111148137";"118598995";111148137;"15-04-2017 17:00:20";"21367";"No Cancelado"
"111147573";"118598622";111147573;"15-04-2017 13:00:53";"24145";"No Cancelado"
"111147562";"118598628";111147562;"15-04-2017 13:00:53";"30175";"No Cancelado"
"111147382";"118599005";111147382;"15-04-2017 17:00:20";"24549";"No Cancelado"
"111148763";"118599070";111148763;"15-04-2017 17:00:22";"24440";"No Cancelado"
"111150015";"118599679";111150015;"15-04-2017 20:00:26";"22593";"No Cancelado"
"111147299";"118598427";111147299;"15-04-2017 12:00:14";"34803";"No Cancelado"
"111147934";"118598702";111147934;"15-04-2017 14:00:26";"24440";"No Cancelado"
"111150047";"118600264";111150047;"15-04-2017 22:00:27";"21367";"No Cancelado"
"111150205";"118599687";111150205;"15-04-2017 20:00:26";"32354";"No Cancelado"
"111147555";"118598638";111147555;"15-04-2017 13:00:53";"24145";"No Cancelado"
"111150274";"118599673";111150274;"15-04-2017 20:00:26";"32644";"No Cancelado"
"111147947";"118599035";111147947;"15-04-2017 17:00:21";"32644";"No Cancelado"
"111148995";"118599037";111148995;"15-04-2017 17:00:22";"32644";"No Cancelado"
"111149010";"118599052";111149010;"15-04-2017 17:00:22";"32664";"No Cancelado"
"111149140";"118599446";111149140;"15-04-2017 18:00:25";"32344";"No Cancelado"
"111148005";"118599080";111148005;"15-04-2017 17:00:22";"24374";"No Cancelado"
"111150249";"118599690";111150249;"15-04-2017 20:00:27";"32753";"No Cancelado"
"111147715";"118598613";111147715;"15-04-2017 13:00:52";"32644";"No Cancelado"
"111146515";"118598627";111146515;"15-04-2017 13:00:53";"32446";"No Cancelado"
"111147938";"118598705";111147938;"15-04-2017 14:00:26";"30175";"No Cancelado"
"111147847";"118598707";111147847;"15-04-2017 14:00:26";"24145";"No Cancelado"
"111149863";"118599575";111149863;"15-04-2017 19:00:32";"24374";"No Cancelado"
"111148048";"118598687";111148048;"15-04-2017 14:00:26";"32644";"No Cancelado"
"111148048";"118598688";111148048;"15-04-2017 14:00:26";"24374";"No Cancelado"
"111147996";"118598709";111147996;"15-04-2017 14:00:26";"22593";"No Cancelado"
"111148117";"118598797";111148117;"15-04-2017 15:00:38";"32664";"No Cancelado"
"111149679";"118600219";111149679;"15-04-2017 22:00:25";"24374";"No Cancelado"
"111150238";"118600244";111150238;"15-04-2017 22:00:27";"21367";"No Cancelado"
"111148621";"118598881";111148621;"15-04-2017 16:00:24";"29750";"No Cancelado"
"111148366";"118598799";111148366;"15-04-2017 15:00:38";"32664";"No Cancelado"
"111148483";"118598873";111148483;"15-04-2017 16:00:24";"21367";"No Cancelado"
"111148680";"118598869";111148680;"15-04-2017 16:00:24";"24440";"No Cancelado"
"111148073";"118598806";111148073;"15-04-2017 15:00:38";"32664";"No Cancelado"
"111150333";"118600097";111150333;"15-04-2017 21:01:36";"24145";"No Cancelado"
"111150482";"118600114";111150482;"15-04-2017 21:01:36";"22593";"No Cancelado"
"111150528";"118600116";111150528;"15-04-2017 21:01:36";"34305";"No Cancelado"
"111148302";"118598957";111148302;"15-04-2017 17:00:20";"24440";"No Cancelado"
"111148052";"118598969";111148052;"15-04-2017 17:00:20";"24374";"No Cancelado"
"111149106";"118600174";111149106;"15-04-2017 22:00:25";"24440";"No Cancelado"
"111147560";"118598967";111147560;"15-04-2017 17:00:20";"32644";"No Cancelado"
"111149645";"118600192";111149645;"15-04-2017 22:00:25";"21367";"No Cancelado"
"111148729";"118599034";111148729;"15-04-2017 17:00:21";"24374";"No Cancelado"
"111150692";"118600207";111150692;"15-04-2017 22:00:25";"22593";"No Cancelado"
"111148410";"118599011";111148410;"15-04-2017 17:00:20";"32014";"No Cancelado"
"111148732";"118599050";111148732;"15-04-2017 17:00:22";"32664";"No Cancelado"
"111147701";"118598704";111147701;"15-04-2017 14:00:26";"24247";"No Cancelado"
"111148646";"118598879";111148646;"15-04-2017 16:00:24";"24145";"No Cancelado"
"111149427";"118600220";111149427;"15-04-2017 22:00:25";"24374";"No Cancelado"
"111150561";"118600258";111150561;"15-04-2017 22:00:27";"24374";"No Cancelado"
"111149525";"118600267";111149525;"15-04-2017 22:00:27";"32644";"No Cancelado"
"111148969";"118599024";111148969;"15-04-2017 17:00:21";"24440";"No Cancelado"
"111150146";"118599683";111150146;"15-04-2017 20:00:26";"32664";"No Cancelado"
"111149963";"118599686";111149963;"15-04-2017 20:00:26";"32644";"No Cancelado"
"111147730";"118599063";111147730;"15-04-2017 17:00:22";"32014";"No Cancelado"
"111147769";"118598679";111147769;"15-04-2017 14:00:25";"24374";"No Cancelado"
"111148960";"118599026";111148960;"15-04-2017 17:00:21";"24934";"No Cancelado"
"111149026";"118599069";111149026;"15-04-2017 17:00:22";"22593";"No Cancelado"
"111148129";"118598798";111148129;"15-04-2017 15:00:38";"21367";"No Cancelado"
"111148753";"118599059";111148753;"15-04-2017 17:00:22";"24374";"No Cancelado"
"111148532";"118598877";111148532;"15-04-2017 16:00:24";"24549";"No Cancelado"
"111148054";"118598952";111148054;"15-04-2017 17:00:20";"21367";"No Cancelado"
"111148858";"118598968";111148858;"15-04-2017 17:00:20";"24374";"No Cancelado"
"111148663";"118598887";111148663;"15-04-2017 16:00:24";"24934";"No Cancelado"
"111149187";"118599450";111149187;"15-04-2017 18:00:25";"24440";"No Cancelado"
"111150098";"118600166";111150098;"15-04-2017 22:00:25";"24440";"No Cancelado"
"111149232";"118599449";111149232;"15-04-2017 18:00:25";"22593";"No Cancelado"
"111149864";"118599559";111149864;"15-04-2017 19:00:32";"30175";"No Cancelado"
"111149094";"118600180";111149094;"15-04-2017 22:00:25";"24374";"No Cancelado"
"111148339";"118598809";111148339;"15-04-2017 15:00:38";"32664";"No Cancelado"
"111148147";"118598788";111148147;"15-04-2017 15:00:38";"32446";"No Cancelado"
"111149639";"118600193";111149639;"15-04-2017 22:00:25";"24440";"No Cancelado"
"111149619";"118600205";111149619;"15-04-2017 22:00:25";"22593";"No Cancelado"
"111148103";"118598814";111148103;"15-04-2017 15:00:38";"24145";"No Cancelado"
"111150439";"118600213";111150439;"15-04-2017 22:00:25";"21367";"No Cancelado"
"111149167";"118599434";111149167;"15-04-2017 18:00:24";"24247";"No Cancelado"
"111149144";"118599442";111149144;"15-04-2017 18:00:24";"32644";"No Cancelado"
"111148983";"118599457";111148983;"15-04-2017 18:00:25";"32354";"No Cancelado"
"111149919";"118599671";111149919;"15-04-2017 20:00:26";"23825";"No Cancelado"
"111149846";"118600186";111149846;"15-04-2017 22:00:25";"24374";"No Cancelado"
"111149842";"118599565";111149842;"15-04-2017 19:00:32";"24440";"No Cancelado"
"111149693";"118599568";111149693;"15-04-2017 19:00:32";"22593";"No Cancelado"
"111149618";"118599582";111149618;"15-04-2017 19:00:32";"24549";"No Cancelado"
"111148115";"118598991";111148115;"15-04-2017 17:00:20";"32644";"No Cancelado"
"111149899";"118599682";111149899;"15-04-2017 20:00:26";"30997";"No Cancelado"
"111147453";"118599029";111147453;"15-04-2017 17:00:21";"24374";"No Cancelado"
"111150362";"118600101";111150362;"15-04-2017 21:01:36";"34970";"No Cancelado"
"111149641";"118599561";111149641;"15-04-2017 19:00:32";"24145";"No Cancelado"
"111150282";"118599678";111150282;"15-04-2017 20:00:26";"32926";"No Cancelado"
"111149859";"118600177";111149859;"15-04-2017 22:00:25";"22593";"No Cancelado"
"111150627";"118600212";111150627;"15-04-2017 22:00:25";"34305";"No Cancelado"
"111150057";"118599658";111150057;"15-04-2017 20:00:26";"24145";"No Cancelado"
"111150462";"118600229";111150462;"15-04-2017 22:00:26";"32484";"No Cancelado"
"111150225";"118600238";111150225;"15-04-2017 22:00:27";"21367";"No Cancelado"
"111149945";"118599674";111149945;"15-04-2017 20:00:26";"24549";"No Cancelado"
"111149090";"118599459";111149090;"15-04-2017 18:00:25";"30175";"No Cancelado"
"111149865";"118600188";111149865;"15-04-2017 22:00:25";"32484";"No Cancelado"
"111150659";"118600196";111150659;"15-04-2017 22:00:25";"24440";"No Cancelado"
"111148693";"118599019";111148693;"15-04-2017 17:00:21";"24440";"No Cancelado"
"111147479";"118599068";111147479;"15-04-2017 17:00:22";"24374";"No Cancelado"
"111149737";"118599556";111149737;"15-04-2017 19:00:32";"24374";"No Cancelado"
"111149615";"118599578";111149615;"15-04-2017 19:00:32";"21367";"No Cancelado"
"111149580";"118599586";111149580;"15-04-2017 19:00:32";"24145";"No Cancelado"
"111149903";"118600206";111149903;"15-04-2017 22:00:25";"32644";"No Cancelado"
"111150301";"118600271";111150301;"15-04-2017 22:00:27";"24374";"No Cancelado"
"111149970";"118600239";111149970;"15-04-2017 22:00:27";"32446";"No Cancelado"
"111150684";"118600190";111150684;"15-04-2017 22:00:25";"34160";"No Cancelado"
"111150679";"118600167";111150679;"15-04-2017 22:00:25";"32681";"No Cancelado"
"111149605";"118600170";111149605;"15-04-2017 22:00:25";"32014";"No Cancelado"
"111149658";"118599552";111149658;"15-04-2017 19:00:32";"34541";"No Cancelado"
"111149263";"118600274";111149263;"15-04-2017 22:00:27";"24440";"No Cancelado"
"111149620";"118600191";111149620;"15-04-2017 22:00:25";"24374";"No Cancelado"
"111150145";"118599660";111150145;"15-04-2017 20:00:26";"30175";"No Cancelado"
"111150239";"118599663";111150239;"15-04-2017 20:00:26";"24549";"No Cancelado"
"111150128";"118599668";111150128;"15-04-2017 20:00:26";"34160";"No Cancelado"
"111149157";"118600194";111149157;"15-04-2017 22:00:25";"24374";"No Cancelado"
"111150560";"118600280";111150560;"15-04-2017 22:00:27";"24440";"No Cancelado"
"111150248";"118600281";111150248;"15-04-2017 22:00:27";"24374";"No Cancelado"
"111150629";"118600183";111150629;"15-04-2017 22:00:25";"21367";"No Cancelado"
"111149082";"118600228";111149082;"15-04-2017 22:00:26";"24440";"No Cancelado"
"111149255";"118599437";111149255;"15-04-2017 18:00:24";"22593";"No Cancelado"
"111149148";"118599440";111149148;"15-04-2017 18:00:24";"21367";"No Cancelado"
"111149240";"118599458";111149240;"15-04-2017 18:00:25";"21367";"No Cancelado"
"111149835";"118599589";111149835;"15-04-2017 19:00:32";"32681";"No Cancelado"
"111149170";"118599453";111149170;"15-04-2017 18:00:25";"32437";"No Cancelado"
"111149463";"118599569";111149463;"15-04-2017 19:00:32";"24374";"No Cancelado"
"111150563";"118600096";111150563;"15-04-2017 21:01:36";"34803";"No Cancelado"
"111150280";"118600104";111150280;"15-04-2017 21:01:36";"32681";"No Cancelado"
"111149608";"118599563";111149608;"15-04-2017 19:00:32";"24145";"No Cancelado"
"111149226";"118600262";111149226;"15-04-2017 22:00:27";"24440";"No Cancelado"
"111150565";"118600107";111150565;"15-04-2017 21:01:36";"24374";"Cancelado"
"111149511";"118600266";111149511;"15-04-2017 22:00:27";"24440";"No Cancelado"
"111149653";"118599585";111149653;"15-04-2017 19:00:32";"24440";"No Cancelado"
"111150312";"118600098";111150312;"15-04-2017 21:01:36";"23825";"No Cancelado"
"111149176";"118600223";111149176;"15-04-2017 22:00:25";"32644";"No Cancelado"
"111150448";"118600108";111150448;"15-04-2017 21:01:36";"21607";"No Cancelado"
"111149929";"118599664";111149929;"15-04-2017 20:00:26";"22593";"No Cancelado"
"111150064";"118599667";111150064;"15-04-2017 20:00:26";"32484";"No Cancelado"
"111150738";"118600237";111150738;"15-04-2017 22:00:27";"21367";"No Cancelado"
"111149732";"118600241";111149732;"15-04-2017 22:00:27";"24374";"No Cancelado"
"111149529";"118599591";111149529;"15-04-2017 19:00:32";"22593";"No Cancelado"
"111149636";"118599547";111149636;"15-04-2017 19:00:31";"32484";"No Cancelado"
"111149458";"118599435";111149458;"15-04-2017 18:00:24";"32681";"No Cancelado"
"111149137";"118600178";111149137;"15-04-2017 22:00:25";"24374";"No Cancelado"
"111150208";"118600230";111150208;"15-04-2017 22:00:26";"21367";"No Cancelado"
"111149935";"118599685";111149935;"15-04-2017 20:00:26";"21367";"No Cancelado"
"111150122";"118600164";111150122;"15-04-2017 22:00:24";"21367";"No Cancelado"
"111149612";"118600179";111149612;"15-04-2017 22:00:25";"22593";"No Cancelado"
"111149197";"118600235";111149197;"15-04-2017 22:00:26";"21367";"No Cancelado"
"111150028";"118599680";111150028;"15-04-2017 20:00:26";"30997";"No Cancelado"
"111150556";"118600093";111150556;"15-04-2017 21:01:36";"21367";"No Cancelado"
"111150393";"118600095";111150393;"15-04-2017 21:01:36";"32484";"No Cancelado"
"111150555";"118600099";111150555;"15-04-2017 21:01:36";"24440";"No Cancelado"
"111149911";"118600171";111149911;"15-04-2017 22:00:25";"21367";"No Cancelado"
"111149857";"118600208";111149857;"15-04-2017 22:00:25";"24374";"No Cancelado"
"111149937";"118600218";111149937;"15-04-2017 22:00:25";"21367";"No Cancelado"
"111149044";"118599393";111149044;"15-04-2017 17:01:16";"34160";"No Cancelado"
"111149102";"118599454";111149102;"15-04-2017 18:00:25";"24440";"No Cancelado"
"111150201";"118600227";111150201;"15-04-2017 22:00:26";"21367";"No Cancelado"
"111149721";"118600243";111149721;"15-04-2017 22:00:27";"24440";"No Cancelado"
"111150547";"118600253";111150547;"15-04-2017 22:00:27";"24440";"No Cancelado"
"111149723";"118600259";111149723;"15-04-2017 22:00:27";"24440";"No Cancelado"
"111150739";"118600304";111150739;"15-04-2017 23:00:23";"30175";"No Cancelado"
"111149757";"118599590";111149757;"15-04-2017 19:00:32";"30175";"No Cancelado"
"111149551";"118599587";111149551;"15-04-2017 19:00:32";"24145";"No Cancelado"
"111149856";"118600189";111149856;"15-04-2017 22:00:25";"24440";"No Cancelado"
"111149747";"118600272";111149747;"15-04-2017 22:00:27";"32644";"No Cancelado"
"111150309";"118600282";111150309;"15-04-2017 22:00:27";"24549";"No Cancelado"
"111149883";"118600210";111149883;"15-04-2017 22:00:25";"24374";"No Cancelado"
"111149221";"118600265";111149221;"15-04-2017 22:00:27";"24440";"No Cancelado"
"111150459";"118600105";111150459;"15-04-2017 21:01:36";"32484";"No Cancelado"
"111150537";"118600092";111150537;"15-04-2017 21:01:36";"32681";"No Cancelado"
"111149208";"118600257";111149208;"15-04-2017 22:00:27";"24440";"No Cancelado"
"111149884";"118600176";111149884;"15-04-2017 22:00:25";"24374";"No Cancelado"
"111150429";"118600211";111150429;"15-04-2017 22:00:25";"21367";"Cancelado"
"111149238";"118600254";111149238;"15-04-2017 22:00:27";"24440";"No Cancelado"
"111149088";"118600201";111149088;"15-04-2017 22:00:25";"24440";"No Cancelado"
"111150217";"118599681";111150217;"15-04-2017 20:00:26";"32753";"Cancelado"
"111149418";"118600214";111149418;"15-04-2017 22:00:25";"21367";"No Cancelado"
"111149146";"118600165";111149146;"15-04-2017 22:00:25";"32484";"No Cancelado"
"111149616";"118600169";111149616;"15-04-2017 22:00:25";"32644";"No Cancelado"
"111150639";"118600185";111150639;"15-04-2017 22:00:25";"24374";"No Cancelado"
"111150562";"118600112";111150562;"15-04-2017 21:01:36";"32644";"No Cancelado"
"111150433";"118600109";111150433;"15-04-2017 21:01:36";"32664";"No Cancelado"
"111150673";"118600215";111150673;"15-04-2017 22:00:25";"34305";"No Cancelado"
"111149741";"118600248";111149741;"15-04-2017 22:00:27";"24374";"No Cancelado"
"111149561";"118600270";111149561;"15-04-2017 22:00:27";"24374";"No Cancelado"
"111150646";"118600198";111150646;"15-04-2017 22:00:25";"33276";"No Cancelado"
"111149914";"118600200";111149914;"15-04-2017 22:00:25";"24374";"No Cancelado"
"111149439";"118600231";111149439;"15-04-2017 22:00:26";"24374";"No Cancelado"
"111149228";"118600242";111149228;"15-04-2017 22:00:27";"24374";"No Cancelado"
"111149468";"118600245";111149468;"15-04-2017 22:00:27";"24440";"No Cancelado"
"111150426";"118600202";111150426;"15-04-2017 22:00:25";"24374";"No Cancelado"
"111149715";"118600240";111149715;"15-04-2017 22:00:27";"24440";"No Cancelado"
"111149522";"118600275";111149522;"15-04-2017 22:00:27";"24440";"No Cancelado"
"111150427";"118600094";111150427;"15-04-2017 21:01:36";"24440";"No Cancelado"
"111150453";"118600103";111150453;"15-04-2017 21:01:36";"24374";"No Cancelado"
"111149886";"118600173";111149886;"15-04-2017 22:00:25";"24440";"No Cancelado"
"111150398";"118600187";111150398;"15-04-2017 22:00:25";"34952";"No Cancelado"
"111149429";"118600222";111149429;"15-04-2017 22:00:25";"24374";"No Cancelado"
"111149695";"118600232";111149695;"15-04-2017 22:00:26";"32446";"No Cancelado"
"111150215";"118600234";111150215;"15-04-2017 22:00:26";"24374";"No Cancelado"
"111149460";"118600250";111149460;"15-04-2017 22:00:27";"24440";"No Cancelado"
"111150259";"118600256";111150259;"15-04-2017 22:00:27";"32484";"No Cancelado"
"111150279";"118600279";111150279;"15-04-2017 22:00:27";"21367";"No Cancelado"
"111150147";"118600175";111150147;"15-04-2017 22:00:25";"24440";"No Cancelado"
"111149638";"118600182";111149638;"15-04-2017 22:00:25";"21367";"No Cancelado"
"111149127";"118600197";111149127;"15-04-2017 22:00:25";"24440";"No Cancelado"
"111149116";"118600204";111149116;"15-04-2017 22:00:25";"21367";"No Cancelado"
"111150250";"118600276";111150250;"15-04-2017 22:00:27";"24374";"No Cancelado"
"111150272";"118600278";111150272;"15-04-2017 22:00:27";"32644";"No Cancelado"
"111150447";"118600089";111150447;"15-04-2017 21:01:36";"32681";"No Cancelado"
"111150346";"118600199";111150346;"15-04-2017 22:00:25";"24374";"No Cancelado"
"111149999";"118600260";111149999;"15-04-2017 22:00:27";"24440";"No Cancelado"
"111150591";"118600261";111150591;"15-04-2017 22:00:27";"24145";"No Cancelado"
"111150620";"118600195";111150620;"15-04-2017 22:00:25";"24145";"No Cancelado"
"111150033";"118600269";111150033;"15-04-2017 22:00:27";"24440";"No Cancelado"
"111150338";"118600090";111150338;"15-04-2017 21:01:36";"32664";"No Cancelado"
"111150403";"118600115";111150403;"15-04-2017 21:01:36";"32420";"No Cancelado"
"111150543";"118600091";111150543;"15-04-2017 21:01:36";"24145";"No Cancelado"
"111150095";"118600172";111150095;"15-04-2017 22:00:25";"32644";"No Cancelado"
"111150222";"118600255";111150222;"15-04-2017 22:00:27";"21367";"No Cancelado"
